Breed,Family Life,Physical,Social,Personality,Coat Type,Coat Length,Popularity Tier
-1,0,0,0,0,28,6,3
Popularity Tier,,,,,,,
Affenpinscher,3.0,2.3333333333333335,3.75,3.0,Wiry,Short; Medium,Low Popularity
Afghan Hound,3.0,2.0,3.0,2.75,Silky,Long,Medium Popularity
Airedale Terrier,3.0,1.6666666666666667,3.5,3.0,Wiry,Short; Medium,High Popularity
Akita,2.3333333333333335,2.3333333333333335,3.25,3.0,Double,Medium,High Popularity
Alaskan Malamute,3.0,2.3333333333333335,3.25,3.75,Double,Medium,High Popularity
American English Coonhound,3.6666666666666665,1.3333333333333333,3.0,3.5,Smooth,Short,Low Popularity
American Eskimo Dog,4.333333333333333,2.3333333333333335,3.75,3.5,Double,Medium,Medium Popularity
American Foxhound,4.333333333333333,1.6666666666666667,3.0,3.75,Smooth,Short,Low Popularity
American Hairless Terrier,4.333333333333333,1.0,3.5,3.5,Hairless,Short,Medium Popularity
American Staffordshire Terrier,3.6666666666666665,1.3333333333333333,3.75,3.0,Smooth,Short,Medium Popularity
American Water Spaniel,3.0,1.6666666666666667,3.0,3.5,Double; Curly,Medium,Low Popularity
Anatolian Shepherd Dog,2.3333333333333335,2.0,3.0,2.75,Smooth,Short,Medium Popularity
Australian Cattle Dog,3.0,1.6666666666666667,3.25,3.5,Smooth; Double,Short,High Popularity
Australian Shepherd,3.6666666666666665,2.0,3.25,4.5,Double,Medium,High Popularity
Australian Terrier,4.0,1.3333333333333333,3.5,3.25,Rough; Double,Medium,Low Popularity
Azawakh,3.0,1.6666666666666667,2.5,2.25,Smooth,Short,Low Popularity
Barbet,3.3333333333333335,2.3333333333333335,3.0,3.25,Curly; Wavy,Medium; Long,Low Popularity
Basenji,3.0,1.3333333333333333,3.0,2.75,Smooth,Short,Medium Popularity
Basset Hound,4.333333333333333,3.0,3.0,3.0,Smooth,Short,High Popularity
Beagle,4.333333333333333,2.0,3.25,3.75,Smooth,Short,High Popularity
Bearded Collie,4.666666666666667,2.6666666666666665,3.75,3.75,Silky,Long,Medium Popularity
Beauceron,3.0,2.6666666666666665,3.0,3.5,Smooth; Double,Short,Medium Popularity
Bedlington Terrier,3.0,1.6666666666666667,3.25,3.25,Curly,Medium,Low Popularity
Belgian Laekenoi,3.0,2.0,3.25,4.0,Wiry; Rough,Medium,Low Popularity
Belgian Malinoi,3.0,2.0,3.25,4.0,Smooth,Short,High Popularity
Belgian Sheepdog,3.0,2.0,3.25,4.0,Double,Medium,Medium Popularity
Belgian Tervuren,3.0,2.0,3.25,4.0,Double,Medium,Medium Popularity
Bergamasco Sheepdog,3.0,1.3333333333333333,3.25,2.5,Corded,Long,Low Popularity
Berger Picard,3.0,1.6666666666666667,3.25,3.5,Wiry,Medium,Low Popularity
Bernese Mountain Dog,5.0,3.6666666666666665,3.75,3.5,Double,Medium,High Popularity
Bichon Frise,5.0,2.3333333333333335,3.75,3.5,Double; Curly,Long,High Popularity
Biewer Terrier,4.333333333333333,1.6666666666666667,3.0,3.0,Silky,Long,Medium Popularity
Black Russian Terrier,3.0,3.3333333333333335,3.5,3.75,Double; Curly,Medium; Long,Medium Popularity
Black and Tan Coonhound,4.666666666666667,2.6666666666666665,3.0,3.25,Smooth,Short,Medium Popularity
Bloodhound,3.3333333333333335,3.3333333333333335,2.75,3.75,Smooth,Short,High Popularity
Bluetick Coonhound,3.6666666666666665,2.3333333333333335,2.75,3.75,Smooth,Short,Medium Popularity
Boerboel,3.6666666666666665,2.6666666666666665,3.5,3.5,Smooth,Short,Medium Popularity
Border Collie,3.6666666666666665,2.3333333333333335,4.25,4.75,Double; Wavy,Medium,High Popularity
Border Terrier,4.0,1.6666666666666667,3.75,3.25,Wiry,Short,Medium Popularity
Borzoi,3.0,2.0,3.0,3.0,Curly; Silky,Medium,Medium Popularity
Boston Terrier,4.666666666666667,1.6666666666666667,4.0,3.25,Smooth,Short,High Popularity
Bouvier des Flandre,3.0,3.0,3.25,3.5,Rough; Double,Medium,Medium Popularity
Boxer,4.0,2.3333333333333335,3.75,3.75,Smooth,Short,High Popularity
Boykin Spaniel,4.333333333333333,2.3333333333333335,3.5,3.5,Double; Wavy,Medium,Medium Popularity
Bracco Italiano,3.6666666666666665,1.6666666666666667,3.0,3.5,Smooth,Short,Low Popularity
Briard,3.0,2.3333333333333335,3.25,2.5,Double; Wavy,Long,Low Popularity
Brittany,3.6666666666666665,2.3333333333333335,3.25,4.25,Double; Wavy,Short,High Popularity
Brussels Griffon,3.3333333333333335,2.3333333333333335,3.75,3.5,Wiry; Smooth; Double,Short; Medium,Medium Popularity
Bull Terrier,2.6666666666666665,2.0,3.5,3.5,Smooth,Short,High Popularity
Bulldog,3.3333333333333335,3.0,3.5,3.0,Smooth,Short,High Popularity
Bullmastiff,3.3333333333333335,2.3333333333333335,3.5,3.25,Smooth,Short,High Popularity
Cairn Terrier,3.3333333333333335,1.6666666666666667,3.5,3.25,Wiry; Double,Medium,Medium Popularity
Canaan Dog,3.0,2.3333333333333335,3.25,3.75,Smooth; Double,Short,Low Popularity
Cane Corso,3.3333333333333335,2.0,3.5,3.5,Smooth,Short,High Popularity
Cardigan Welsh Corgi,3.6666666666666665,2.0,3.5,4.25,Double,Medium,Medium Popularity
Cavalier King Charles Spaniel,5.0,2.0,3.25,3.25,Wavy; Silky,Medium,High Popularity
Cesky Terrier,4.0,1.6666666666666667,3.5,3.0,Wavy; Silky,Medium,Low Popularity
Chesapeake Bay Retriever,3.3333333333333335,2.6666666666666665,3.5,4.0,Wiry; Wavy,Medium,High Popularity
Chihuahua,2.6666666666666665,1.3333333333333333,3.5,3.75,Smooth,Short; Medium,High Popularity
Chinese Crested,3.3333333333333335,1.3333333333333333,3.5,3.25,Hairless; Silky,Short; Medium,Medium Popularity
Chinese Shar-Pei,3.3333333333333335,2.3333333333333335,3.5,3.0,Smooth,Short,High Popularity
Chinook,4.666666666666667,2.3333333333333335,3.5,3.75,Smooth,Medium,Low Popularity
Chow Chow,3.0,3.0,3.25,2.5,Smooth; Rough; Double,Medium,Medium Popularity
Cirneco dell’Etna,4.0,0.6666666666666666,3.75,3.25,Smooth,Short,Low Popularity
Clumber Spaniel,3.3333333333333335,3.0,3.5,2.75,Wavy; Silky,Medium,Low Popularity
Cocker Spaniel,4.666666666666667,3.0,3.5,3.5,Double; Silky,Long,High Popularity
Collie,4.0,2.6666666666666665,3.5,3.75,Smooth; Rough,Short; Long,High Popularity
Coton de Tulear,5.0,2.3333333333333335,4.0,2.75,Double; Wavy,Long,Medium Popularity
Curly-Coated Retriever,4.333333333333333,1.3333333333333333,3.75,3.5,Double; Curly,Short,Low Popularity
Dachshund,4.0,2.0,4.0,3.75,Smooth,Short; Medium,High Popularity
Dalmatian,3.6666666666666665,2.6666666666666665,4.0,3.75,Smooth,Short,High Popularity
Dandie Dinmont Terrier,3.3333333333333335,2.0,3.5,3.25,Double,Medium,Low Popularity
Danish-Swedish Farmdog,5.0,1.3333333333333333,4.25,3.75,Smooth,Short,Low Popularity
Doberman Pinscher,4.333333333333333,2.3333333333333335,4.25,4.25,Smooth,Short,High Popularity
Dogo Argentino,3.6666666666666665,2.6666666666666665,4.25,4.25,Smooth,Short,Medium Popularity
Dogue de Bordeaux,3.6666666666666665,3.3333333333333335,3.75,3.5,Smooth,Short,Medium Popularity
English Cocker Spaniel,5.0,2.6666666666666665,3.5,3.5,Double,Medium; Long,High Popularity
English Foxhound,5.0,2.0,3.75,4.25,Double,Short,Low Popularity
English Setter,4.333333333333333,3.0,3.75,3.5,Double; Silky,Medium,Medium Popularity
English Springer Spaniel,4.0,2.6666666666666665,3.75,4.0,Double,Medium,High Popularity
English Toy Spaniel,5.0,2.6666666666666665,3.5,2.75,Double; Silky,Medium,Low Popularity
Entlebucher Mountain Dog,4.333333333333333,2.0,3.75,3.75,Smooth,Short,Low Popularity
Field Spaniel,4.666666666666667,2.3333333333333335,3.5,3.5,Smooth; Wavy,Medium,Low Popularity
Finnish Lapphund,4.0,2.6666666666666665,3.5,3.75,Double,Medium,Low Popularity
Finnish Spitz,4.666666666666667,2.3333333333333335,3.25,4.25,Double,Medium,Low Popularity
Flat-Coated Retriever,5.0,2.3333333333333335,4.5,4.25,Smooth,Medium,Medium Popularity
French Bulldog,4.666666666666667,2.3333333333333335,4.5,2.75,Smooth,Short,High Popularity
German Pinscher,3.6666666666666665,1.6666666666666667,3.5,4.25,Smooth,Short,Low Popularity
German Shepherd Dog,4.333333333333333,2.6666666666666665,4.25,4.5,Double,Medium,High Popularity
German Shorthaired Pointer,4.666666666666667,2.3333333333333335,4.0,4.5,Smooth,Short,High Popularity
German Wirehaired Pointer,3.6666666666666665,2.0,3.75,4.25,Wiry; Double,Medium,High Popularity
Giant Schnauzer,3.3333333333333335,2.6666666666666665,4.0,4.0,Wiry; Double,Medium,Medium Popularity
Glen of Imaal Terrier,3.6666666666666665,2.3333333333333335,3.25,2.75,Wiry,Medium,Low Popularity
Golden Retriever,5.0,2.6666666666666665,4.25,3.25,Double,Medium,High Popularity
Gordon Setter,3.6666666666666665,3.0,3.5,4.25,Double,Medium,Medium Popularity
Grand Basset Griffon Vendéen,4.0,2.3333333333333335,4.0,4.0,Wiry; Double,Medium,Low Popularity
Great Dane,3.6666666666666665,2.6666666666666665,4.0,3.5,Smooth,Short,High Popularity
Great Pyrenee,3.6666666666666665,2.6666666666666665,3.5,3.0,Double,Medium,Medium Popularity
Greater Swiss Mountain Dog,4.333333333333333,2.6666666666666665,4.0,3.75,Smooth,Short,Medium Popularity
Greyhound,3.6666666666666665,1.3333333333333333,3.25,3.25,Smooth,Short,Low Popularity
Harrier,5.0,2.0,3.75,4.25,Double,Short,Low Popularity
Havanese,5.0,2.0,4.5,3.5,Double; Silky,Long,High Popularity
Ibizan Hound,4.333333333333333,1.3333333333333333,3.5,4.0,Wiry; Smooth,Short,Low Popularity
Icelandic Sheepdog,4.666666666666667,2.3333333333333335,3.5,4.5,Double,Medium,Low Popularity
Irish Red and White Setter,5.0,2.0,4.0,4.0,Double; Silky,Medium,Low Popularity
Irish Setter,5.0,2.6666666666666665,4.25,4.0,Silky,Medium,Medium Popularity
Irish Terrier,3.6666666666666665,1.3333333333333333,3.75,3.25,Wiry; Double,Medium,Medium Popularity
Irish Water Spaniel,3.6666666666666665,2.0,3.75,3.25,Curly,Medium,Low Popularity
Irish Wolfhound,4.0,2.3333333333333335,3.5,2.5,Wiry,Medium,Medium Popularity
Italian Greyhound,4.333333333333333,1.6666666666666667,4.0,3.25,Smooth,Short,Medium Popularity
Japanese Chin,4.333333333333333,2.0,3.25,2.75,Silky,Medium,Medium Popularity
Keeshond,5.0,2.6666666666666665,5.0,4.25,Double,Long,Medium Popularity
Kerry Blue Terrier,3.6666666666666665,2.0,3.5,3.75,Wavy,Medium,Low Popularity
Komondor,3.3333333333333335,2.3333333333333335,3.5,3.25,Corded,Long,Low Popularity
Kuvasz,3.6666666666666665,2.3333333333333335,3.75,3.5,Double,Medium,Low Popularity
Labrador Retriever,5.0,2.6666666666666665,4.5,4.25,Double,Short,High Popularity
Lagotto Romagnolo,4.333333333333333,1.6666666666666667,3.75,3.5,Double; Curly,Medium,Medium Popularity
Lakeland Terrier,3.6666666666666665,1.6666666666666667,3.5,3.25,Wiry; Double,Short,Low Popularity
Lancashire Heeler,5.0,1.6666666666666667,3.75,4.0,Double,Short,Low Popularity
Leonberger,4.333333333333333,3.6666666666666665,4.0,3.75,Double,Long,Medium Popularity
Lhasa Apso,3.6666666666666665,1.6666666666666667,4.0,3.0,Silky,Long,Medium Popularity
Lowchen,4.333333333333333,1.6666666666666667,3.75,3.25,Wavy,Long,Low Popularity
Maltese,3.6666666666666665,2.0,3.5,3.0,Silky,Long,High Popularity
Manchester Terrier,4.0,1.6666666666666667,3.75,3.75,Smooth,Short,Medium Popularity
Mastiff,4.333333333333333,2.6666666666666665,3.75,2.5,Double,Short,High Popularity
Miniature American Shepherd,5.0,2.6666666666666665,3.5,4.5,Double,Medium,High Popularity
Miniature Bull Terrier,3.6666666666666665,1.6666666666666667,3.75,4.0,Smooth,Short,Medium Popularity
Miniature Pinscher,4.0,1.6666666666666667,4.0,4.5,Smooth,Short,Medium Popularity
Miniature Schnauzer,4.333333333333333,3.0,4.0,4.25,Wiry; Double,Medium,High Popularity
Mudi,3.6666666666666665,1.6666666666666667,4.0,4.25,Curly,Medium,Medium Popularity
Neapolitan Mastiff,3.0,3.3333333333333335,3.25,2.25,Smooth,Short,Medium Popularity
Nederlandse Kooikerhondje,3.6666666666666665,2.3333333333333335,3.5,4.0,Double; Wavy,Medium,Low Popularity
Newfoundland,5.0,3.3333333333333335,4.25,2.5,Double,Medium,High Popularity
Norfolk Terrier,4.333333333333333,2.0,4.25,3.75,Wiry; Double,Short,Medium Popularity
Norwegian Buhund,3.6666666666666665,2.0,3.5,3.75,Double,Medium,Low Popularity
Norwegian Elkhound,3.6666666666666665,2.3333333333333335,4.25,4.0,Double,Medium,Medium Popularity
Norwegian Lundehund,3.6666666666666665,2.0,3.0,3.25,Double,Short,Low Popularity
Norwich Terrier,4.333333333333333,2.0,4.25,3.75,Wiry; Double,Short,Medium Popularity
Nova Scotia Duck Tolling Retriever,4.666666666666667,2.3333333333333335,3.75,4.0,Double,Medium,Medium Popularity
Old English Sheepdog,4.333333333333333,3.3333333333333335,3.75,3.5,Double,Long,Medium Popularity
Otterhound,3.6666666666666665,2.3333333333333335,3.5,3.75,Rough; Double,Medium,Low Popularity
Papillon,4.333333333333333,2.0,4.75,4.75,Silky,Medium,High Popularity
Parson Russell Terrier,4.333333333333333,1.6666666666666667,3.5,4.0,Smooth; Double,Short,Medium Popularity
Pekingese,3.6666666666666665,2.3333333333333335,3.75,2.5,Double,Long,Medium Popularity
Pembroke Welsh Corgi,4.0,2.3333333333333335,4.25,4.0,Double,Short,High Popularity
Petit Basset Griffon Vendéen,4.666666666666667,2.0,4.0,4.0,Rough; Double,Long,Low Popularity
Pharaoh Hound,4.333333333333333,2.0,3.0,3.75,Smooth,Short,Low Popularity
Plott Hound,4.333333333333333,1.6666666666666667,3.75,3.75,Smooth,Short,Low Popularity
Pointer,4.333333333333333,2.3333333333333335,3.75,4.0,Smooth,Short,Medium Popularity
Polish Lowland Sheepdog,3.6666666666666665,2.6666666666666665,4.25,3.75,Double,Long,Low Popularity
Pomeranian,3.6666666666666665,2.0,3.5,3.25,Double,Long,High Popularity
Poodle,4.333333333333333,2.0,4.75,4.25,Curly,Long,High Popularity
Portuguese Podengo Pequeno,5.0,2.0,3.5,3.5,Wiry; Smooth,Short,Low Popularity
Portuguese Water Dog,4.666666666666667,2.6666666666666665,4.5,4.5,Curly; Wavy,Long,High Popularity
Pug,4.666666666666667,2.3333333333333335,4.5,2.75,Smooth,Short,High Popularity
Puli,3.6666666666666665,2.6666666666666665,3.75,4.0,Corded; Double,Long,Low Popularity
Pumi,3.6666666666666665,1.6666666666666667,3.75,4.5,Curly; Wavy,Medium,Low Popularity
Pyrenean Shepherd,3.6666666666666665,2.3333333333333335,4.25,4.75,Smooth; Rough,Medium,Low Popularity
Rat Terrier,4.333333333333333,2.0,4.5,4.25,Smooth,Short,Medium Popularity
Redbone Coonhound,5.0,2.6666666666666665,3.25,3.5,Smooth,Short,Low Popularity
Rhodesian Ridgeback,4.333333333333333,2.3333333333333335,3.75,3.25,Smooth,Short,High Popularity
Rottweiler,3.6666666666666665,2.3333333333333335,4.0,3.5,Smooth,Short,High Popularity
Russell Terrier,4.333333333333333,2.0,4.5,4.25,Wiry; Smooth,Short,Medium Popularity
Russian Toy,3.6666666666666665,2.0,3.75,3.5,Double,Short,Low Popularity
Saint Bernard,4.333333333333333,3.3333333333333335,3.75,2.5,Smooth; Rough; Double,Short,High Popularity
Saluki,3.6666666666666665,1.3333333333333333,2.5,3.75,Smooth,Short,Medium Popularity
Samoyed,4.333333333333333,2.3333333333333335,4.5,4.25,Double,Long,High Popularity
Schipperke,3.6666666666666665,2.0,4.0,3.5,Double,Short,Medium Popularity
Scottish Deerhound,4.333333333333333,1.6666666666666667,3.0,2.5,Wiry; Double,Medium,Low Popularity
Scottish Terrier,3.3333333333333335,2.3333333333333335,4.0,3.5,Wiry; Double,Medium,High Popularity
Sealyham Terrier,3.6666666666666665,2.3333333333333335,4.0,3.75,Wiry; Double,Medium,Low Popularity
Shetland Sheepdog,5.0,2.3333333333333335,4.25,4.5,Double,Long,High Popularity
Shiba Inu,3.6666666666666665,2.0,3.5,3.0,Double,Short,High Popularity
Shih Tzu,5.0,2.0,3.5,3.25,Double,Long,High Popularity
Siberian Husky,5.0,2.3333333333333335,3.75,4.25,Double,Medium,High Popularity
Silky Terrier,3.6666666666666665,2.0,4.25,3.5,Silky,Long,Medium Popularity
Skye Terrier,3.6666666666666665,2.3333333333333335,3.0,3.0,Double,Long,Low Popularity
Sloughi,3.3333333333333335,1.6666666666666667,2.5,3.0,Smooth,Short,Low Popularity
Smooth Fox Terrier,3.6666666666666665,2.0,4.0,3.75,Smooth,Short,Medium Popularity
Soft Coated Wheaten Terrier,4.333333333333333,2.3333333333333335,3.0,3.25,Wavy; Silky,Medium,High Popularity
Spanish Water Dog,4.0,2.3333333333333335,3.25,4.0,Corded; Curly,Medium,Low Popularity
Spinone Italiano,4.0,2.6666666666666665,3.0,3.0,Wiry,Medium,Medium Popularity
Staffordshire Bull Terrier,4.333333333333333,2.3333333333333335,4.0,4.25,Smooth,Short,Medium Popularity
Standard Schnauzer,4.333333333333333,2.3333333333333335,4.0,4.0,Wiry; Double,Medium,Medium Popularity
Sussex Spaniel,3.6666666666666665,3.0,3.0,3.25,Double,Medium,Low Popularity
Swedish Vallhund,4.333333333333333,2.6666666666666665,3.5,3.75,Double,Short,Low Popularity
Tibetan Mastiff,3.3333333333333335,3.3333333333333335,3.0,3.25,Double,Medium,Low Popularity
Tibetan Spaniel,4.333333333333333,2.3333333333333335,4.0,3.0,Double,Medium,Medium Popularity
Tibetan Terrier,3.6666666666666665,2.6666666666666665,3.5,3.5,Double,Long,Medium Popularity
Toy Fox Terrier,3.6666666666666665,2.0,4.5,4.25,Smooth,Short,Medium Popularity
Treeing Walker Coonhound,5.0,2.3333333333333335,3.5,4.75,Smooth,Short,Low Popularity
Vizsla,4.666666666666667,2.3333333333333335,4.25,4.5,Smooth,Short,High Popularity
Weimaraner,4.333333333333333,2.3333333333333335,4.25,4.5,Smooth,Short,High Popularity
Welsh Springer Spaniel,4.666666666666667,2.3333333333333335,2.75,4.0,Double,Medium,Medium Popularity
Welsh Terrier,4.333333333333333,2.3333333333333335,4.25,4.0,Wiry; Double,Medium,Medium Popularity
West Highland White Terrier,4.333333333333333,2.3333333333333335,4.5,4.0,Double,Medium,High Popularity
Whippet,5.0,1.3333333333333333,3.25,3.0,Smooth,Short,High Popularity
Wire Fox Terrier,4.333333333333333,2.3333333333333335,4.25,4.0,Wiry; Double,Medium,Medium Popularity
Wirehaired Pointing Griffon,4.333333333333333,2.6666666666666665,4.0,4.5,Wiry; Double,Medium,High Popularity
Wirehaired Vizsla,4.333333333333333,2.0,4.25,4.5,Wiry,Short,Low Popularity
Xoloitzcuintli,3.6666666666666665,1.0,3.5,3.75,Hairless; Smooth,Short,Medium Popularity
Yorkshire Terrier,4.333333333333333,2.3333333333333335,4.75,4.0,Silky,Long,High Popularity
