Breed,Family Life,Physical,Social,Personality,Average Rank,Popularity Tier,AKC Group
0,1,1,1,1,0,0,0
Affenpinscher,3.0,2.3333333333333335,3.75,3.0,151.23076923076923,Low Popularity,Toy Group
Afghan Hound,3.0,2.0,3.0,2.75,108.92307692307692,Medium Popularity,Hound Group
Airedale Terrier,3.0,1.6666666666666667,3.5,3.0,60.53846153846154,High Popularity,Terrier Group
Akita,2.3333333333333335,2.3333333333333335,3.25,3.0,50.61538461538461,High Popularity,Working Group
Alaskan Malamute,3.0,2.3333333333333335,3.25,3.75,64.38461538461539,High Popularity,Working Group
American English Coonhound,3.6666666666666665,1.3333333333333333,3.0,3.5,173.07692307692307,Low Popularity,Hound Group
American Eskimo Dog,4.333333333333333,2.3333333333333335,3.75,3.5,120.38461538461539,Medium Popularity,Non-Sporting Group
American Foxhound,4.333333333333333,1.6666666666666667,3.0,3.75,187.3846153846154,Low Popularity,Hound Group
American Hairless Terrier,4.333333333333333,1.0,3.5,3.5,122.3,Medium Popularity,Terrier Group
American Staffordshire Terrier,3.6666666666666665,1.3333333333333333,3.75,3.0,83.92307692307692,Medium Popularity,Terrier Group
American Water Spaniel,3.0,1.6666666666666667,3.0,3.5,162.84615384615384,Low Popularity,Sporting Group
Anatolian Shepherd Dog,2.3333333333333335,2.0,3.0,2.75,87.92307692307692,Medium Popularity,Working Group
Australian Cattle Dog,3.0,1.6666666666666667,3.25,3.5,53.07692307692308,High Popularity,Herding Group
Australian Shepherd,3.6666666666666665,2.0,3.25,4.5,14.615384615384615,High Popularity,Herding Group
Australian Terrier,4.0,1.3333333333333333,3.5,3.25,140.6153846153846,Low Popularity,Terrier Group
Azawakh,3.0,1.6666666666666667,2.5,2.25,192.42857142857142,Low Popularity,Hound Group
Barbet,3.3333333333333335,2.3333333333333335,3.0,3.25,134.57142857142858,Low Popularity,Sporting Group
Basenji,3.0,1.3333333333333333,3.0,2.75,86.3076923076923,Medium Popularity,Hound Group
Basset Hound,4.333333333333333,3.0,3.0,3.0,37.30769230769231,High Popularity,Hound Group
Beagle,4.333333333333333,2.0,3.25,3.75,6.3076923076923075,High Popularity,Hound Group
Bearded Collie,4.666666666666667,2.6666666666666665,3.75,3.75,130.30769230769232,Medium Popularity,Herding Group
Beauceron,3.0,2.6666666666666665,3.0,3.5,125.46153846153847,Medium Popularity,Herding Group
Bedlington Terrier,3.0,1.6666666666666667,3.25,3.25,143.23076923076923,Low Popularity,Terrier Group
Belgian Laekenoi,3.0,2.0,3.25,4.0,194.0,Low Popularity,Herding Group
Belgian Malinoi,3.0,2.0,3.25,4.0,42.23076923076923,High Popularity,Herding Group
Belgian Sheepdog,3.0,2.0,3.25,4.0,123.84615384615384,Medium Popularity,Herding Group
Belgian Tervuren,3.0,2.0,3.25,4.0,105.6923076923077,Medium Popularity,Herding Group
Bergamasco Sheepdog,3.0,1.3333333333333333,3.25,2.5,175.5,Low Popularity,Herding Group
Berger Picard,3.0,1.6666666666666667,3.25,3.5,153.5,Low Popularity,Herding Group
Bernese Mountain Dog,5.0,3.6666666666666665,3.75,3.5,24.153846153846153,High Popularity,Working Group
Bichon Frise,5.0,2.3333333333333335,3.75,3.5,45.07692307692308,High Popularity,Non-Sporting Group
Biewer Terrier,4.333333333333333,1.6666666666666667,3.0,3.0,76.2,Medium Popularity,Toy Group
Black Russian Terrier,3.0,3.3333333333333335,3.5,3.75,124.61538461538461,Medium Popularity,Working Group
Black and Tan Coonhound,4.666666666666667,2.6666666666666665,3.0,3.25,133.92307692307693,Medium Popularity,Hound Group
Bloodhound,3.3333333333333335,3.3333333333333335,2.75,3.75,51.15384615384615,High Popularity,Hound Group
Bluetick Coonhound,3.6666666666666665,2.3333333333333335,2.75,3.75,132.46153846153845,Medium Popularity,Hound Group
Boerboel,3.6666666666666665,2.6666666666666665,3.5,3.5,116.91666666666667,Medium Popularity,Working Group
Border Collie,3.6666666666666665,2.3333333333333335,4.25,4.75,34.30769230769231,High Popularity,Herding Group
Border Terrier,4.0,1.6666666666666667,3.75,3.25,89.61538461538461,Medium Popularity,Terrier Group
Borzoi,3.0,2.0,3.0,3.0,100.76923076923077,Medium Popularity,Hound Group
Boston Terrier,4.666666666666667,1.6666666666666667,4.0,3.25,22.23076923076923,High Popularity,Non-Sporting Group
Bouvier des Flandre,3.0,3.0,3.25,3.5,91.07692307692308,Medium Popularity,Herding Group
Boxer,4.0,2.3333333333333335,3.75,3.75,12.923076923076923,High Popularity,Working Group
Boykin Spaniel,4.333333333333333,2.3333333333333335,3.5,3.5,92.07692307692308,Medium Popularity,Sporting Group
Bracco Italiano,3.6666666666666665,1.6666666666666667,3.0,3.5,140.0,Low Popularity,Sporting Group
Briard,3.0,2.3333333333333335,3.25,2.5,141.15384615384616,Low Popularity,Herding Group
Brittany,3.6666666666666665,2.3333333333333335,3.25,4.25,27.615384615384617,High Popularity,Sporting Group
Brussels Griffon,3.3333333333333335,2.3333333333333335,3.75,3.5,92.15384615384616,Medium Popularity,Toy Group
Bull Terrier,2.6666666666666665,2.0,3.5,3.5,62.53846153846154,High Popularity,Terrier Group
Bulldog,3.3333333333333335,3.0,3.5,3.0,5.769230769230769,High Popularity,Non-Sporting Group
Bullmastiff,3.3333333333333335,2.3333333333333335,3.5,3.25,54.46153846153846,High Popularity,Working Group
Cairn Terrier,3.3333333333333335,1.6666666666666667,3.5,3.25,69.61538461538461,Medium Popularity,Terrier Group
Canaan Dog,3.0,2.3333333333333335,3.25,3.75,181.76923076923077,Low Popularity,Herding Group
Cane Corso,3.3333333333333335,2.0,3.5,3.5,29.0,High Popularity,Working Group
Cardigan Welsh Corgi,3.6666666666666665,2.0,3.5,4.25,68.0,Medium Popularity,Herding Group
Cavalier King Charles Spaniel,5.0,2.0,3.25,3.25,16.307692307692307,High Popularity,Toy Group
Cesky Terrier,4.0,1.6666666666666667,3.5,3.0,186.53846153846155,Low Popularity,Terrier Group
Chesapeake Bay Retriever,3.3333333333333335,2.6666666666666665,3.5,4.0,47.30769230769231,High Popularity,Sporting Group
Chihuahua,2.6666666666666665,1.3333333333333333,3.5,3.75,30.153846153846153,High Popularity,Toy Group
Chinese Crested,3.3333333333333335,1.3333333333333333,3.5,3.25,75.3076923076923,Medium Popularity,Toy Group
Chinese Shar-Pei,3.3333333333333335,2.3333333333333335,3.5,3.0,65.53846153846153,High Popularity,Non-Sporting Group
Chinook,4.666666666666667,2.3333333333333335,3.5,3.75,179.30769230769232,Low Popularity,Working Group
Chow Chow,3.0,3.0,3.25,2.5,80.15384615384616,Medium Popularity,Non-Sporting Group
Cirneco dell’Etna,4.0,0.6666666666666666,3.75,3.25,176.75,Low Popularity,Hound Group
Clumber Spaniel,3.3333333333333335,3.0,3.5,2.75,140.30769230769232,Low Popularity,Sporting Group
Cocker Spaniel,4.666666666666667,3.0,3.5,3.5,29.846153846153847,High Popularity,Sporting Group
Collie,4.0,2.6666666666666665,3.5,3.75,38.07692307692308,High Popularity,Herding Group
Coton de Tulear,5.0,2.3333333333333335,4.0,2.75,79.0,Medium Popularity,Non-Sporting Group
Curly-Coated Retriever,4.333333333333333,1.3333333333333333,3.75,3.5,163.0,Low Popularity,Sporting Group
Dachshund,4.0,2.0,4.0,3.75,9.923076923076923,High Popularity,Hound Group
Dalmatian,3.6666666666666665,2.6666666666666665,4.0,3.75,55.92307692307692,High Popularity,Non-Sporting Group
Dandie Dinmont Terrier,3.3333333333333335,2.0,3.5,3.25,177.0,Low Popularity,Terrier Group
Danish-Swedish Farmdog,5.0,1.3333333333333333,4.25,3.75,170.0,Low Popularity,Working Group
Doberman Pinscher,4.333333333333333,2.3333333333333335,4.25,4.25,15.538461538461538,High Popularity,Working Group
Dogo Argentino,3.6666666666666665,2.6666666666666665,4.25,4.25,87.85714285714286,Medium Popularity,Working Group
Dogue de Bordeaux,3.6666666666666665,3.3333333333333335,3.75,3.5,73.15384615384616,Medium Popularity,Working Group
English Cocker Spaniel,5.0,2.6666666666666665,3.5,3.5,48.76923076923077,High Popularity,Sporting Group
English Foxhound,5.0,2.0,3.75,4.25,190.69230769230768,Low Popularity,Hound Group
English Setter,4.333333333333333,3.0,3.75,3.5,95.23076923076923,Medium Popularity,Sporting Group
English Springer Spaniel,4.0,2.6666666666666665,3.75,4.0,26.923076923076923,High Popularity,Sporting Group
English Toy Spaniel,5.0,2.6666666666666665,3.5,2.75,136.6153846153846,Low Popularity,Toy Group
Entlebucher Mountain Dog,4.333333333333333,2.0,3.75,3.75,164.0,Low Popularity,Herding Group
Field Spaniel,4.666666666666667,2.3333333333333335,3.5,3.5,148.15384615384616,Low Popularity,Sporting Group
Finnish Lapphund,4.0,2.6666666666666665,3.5,3.75,159.84615384615384,Low Popularity,Herding Group
Finnish Spitz,4.666666666666667,2.3333333333333335,3.25,4.25,184.23076923076923,Low Popularity,Non-Sporting Group
Flat-Coated Retriever,5.0,2.3333333333333335,4.5,4.25,95.92307692307692,Medium Popularity,Sporting Group
French Bulldog,4.666666666666667,2.3333333333333335,4.5,2.75,4.0,High Popularity,Non-Sporting Group
German Pinscher,3.6666666666666665,1.6666666666666667,3.5,4.25,138.69230769230768,Low Popularity,Working Group
German Shepherd Dog,4.333333333333333,2.6666666666666665,4.25,4.5,2.8461538461538463,High Popularity,Herding Group
German Shorthaired Pointer,4.666666666666667,2.3333333333333335,4.0,4.5,10.153846153846153,High Popularity,Sporting Group
German Wirehaired Pointer,3.6666666666666665,2.0,3.75,4.25,63.15384615384615,High Popularity,Sporting Group
Giant Schnauzer,3.3333333333333335,2.6666666666666665,4.0,4.0,70.07692307692308,Medium Popularity,Working Group
Glen of Imaal Terrier,3.6666666666666665,2.3333333333333335,3.25,2.75,169.46153846153845,Low Popularity,Terrier Group
Golden Retriever,5.0,2.6666666666666665,4.25,3.25,3.076923076923077,High Popularity,Sporting Group
Gordon Setter,3.6666666666666665,3.0,3.5,4.25,106.61538461538461,Medium Popularity,Sporting Group
Grand Basset Griffon Vendéen,4.0,2.3333333333333335,4.0,4.0,189.375,Low Popularity,Hound Group
Great Dane,3.6666666666666665,2.6666666666666665,4.0,3.5,16.923076923076923,High Popularity,Working Group
Great Pyrenee,3.6666666666666665,2.6666666666666665,3.5,3.0,68.15384615384616,Medium Popularity,Working Group
Greater Swiss Mountain Dog,4.333333333333333,2.6666666666666665,4.0,3.75,77.6923076923077,Medium Popularity,Working Group
Greyhound,3.6666666666666665,1.3333333333333333,3.25,3.25,142.84615384615384,Low Popularity,Hound Group
Harrier,5.0,2.0,3.75,4.25,186.6153846153846,Low Popularity,Hound Group
Havanese,5.0,2.0,4.5,3.5,24.23076923076923,High Popularity,Toy Group
Ibizan Hound,4.333333333333333,1.3333333333333333,3.5,4.0,165.46153846153845,Low Popularity,Hound Group
Icelandic Sheepdog,4.666666666666667,2.3333333333333335,3.5,4.5,143.46153846153845,Low Popularity,Herding Group
Irish Red and White Setter,5.0,2.0,4.0,4.0,156.6153846153846,Low Popularity,Sporting Group
Irish Setter,5.0,2.6666666666666665,4.25,4.0,74.84615384615384,Medium Popularity,Sporting Group
Irish Terrier,3.6666666666666665,1.3333333333333333,3.75,3.25,124.92307692307692,Medium Popularity,Terrier Group
Irish Water Spaniel,3.6666666666666665,2.0,3.75,3.25,163.6153846153846,Low Popularity,Sporting Group
Irish Wolfhound,4.0,2.3333333333333335,3.5,2.5,75.76923076923077,Medium Popularity,Hound Group
Italian Greyhound,4.333333333333333,1.6666666666666667,4.0,3.25,67.23076923076923,Medium Popularity,Toy Group
Japanese Chin,4.333333333333333,2.0,3.25,2.75,102.84615384615384,Medium Popularity,Toy Group
Keeshond,5.0,2.6666666666666665,5.0,4.25,89.61538461538461,Medium Popularity,Non-Sporting Group
Kerry Blue Terrier,3.6666666666666665,2.0,3.5,3.75,135.46153846153845,Low Popularity,Terrier Group
Komondor,3.3333333333333335,2.3333333333333335,3.5,3.25,175.07692307692307,Low Popularity,Working Group
Kuvasz,3.6666666666666665,2.3333333333333335,3.75,3.5,165.6153846153846,Low Popularity,Working Group
Labrador Retriever,5.0,2.6666666666666665,4.5,4.25,1.3076923076923077,High Popularity,Sporting Group
Lagotto Romagnolo,4.333333333333333,1.6666666666666667,3.75,3.5,89.9,Medium Popularity,Sporting Group
Lakeland Terrier,3.6666666666666665,1.6666666666666667,3.5,3.25,145.46153846153845,Low Popularity,Terrier Group
Lancashire Heeler,5.0,1.6666666666666667,3.75,4.0,189.5,Low Popularity,Herding Group
Leonberger,4.333333333333333,3.6666666666666665,4.0,3.75,99.0,Medium Popularity,Working Group
Lhasa Apso,3.6666666666666665,1.6666666666666667,4.0,3.0,77.15384615384616,Medium Popularity,Non-Sporting Group
Lowchen,4.333333333333333,1.6666666666666667,3.75,3.25,161.76923076923077,Low Popularity,Non-Sporting Group
Maltese,3.6666666666666665,2.0,3.5,3.0,34.76923076923077,High Popularity,Toy Group
Manchester Terrier,4.0,1.6666666666666667,3.75,3.75,130.23076923076923,Medium Popularity,Terrier Group
Mastiff,4.333333333333333,2.6666666666666665,3.75,2.5,32.07692307692308,High Popularity,Working Group
Miniature American Shepherd,5.0,2.6666666666666665,3.5,4.5,30.7,High Popularity,Herding Group
Miniature Bull Terrier,3.6666666666666665,1.6666666666666667,3.75,4.0,113.3076923076923,Medium Popularity,Terrier Group
Miniature Pinscher,4.0,1.6666666666666667,4.0,4.5,69.3076923076923,Medium Popularity,Toy Group
Miniature Schnauzer,4.333333333333333,3.0,4.0,4.25,17.46153846153846,High Popularity,Terrier Group
Mudi,3.6666666666666665,1.6666666666666667,4.0,4.25,131.75,Medium Popularity,Herding Group
Neapolitan Mastiff,3.0,3.3333333333333335,3.25,2.25,110.07692307692308,Medium Popularity,Working Group
Nederlandse Kooikerhondje,3.6666666666666665,2.3333333333333335,3.5,4.0,159.625,Low Popularity,Sporting Group
Newfoundland,5.0,3.3333333333333335,4.25,2.5,40.38461538461539,High Popularity,Working Group
Norfolk Terrier,4.333333333333333,2.0,4.25,3.75,130.76923076923077,Medium Popularity,Terrier Group
Norwegian Buhund,3.6666666666666665,2.0,3.5,3.75,171.6153846153846,Low Popularity,Herding Group
Norwegian Elkhound,3.6666666666666665,2.3333333333333335,4.25,4.0,102.15384615384616,Medium Popularity,Hound Group
Norwegian Lundehund,3.6666666666666665,2.0,3.0,3.25,191.69230769230768,Low Popularity,Non-Sporting Group
Norwich Terrier,4.333333333333333,2.0,4.25,3.75,104.3076923076923,Medium Popularity,Terrier Group
Nova Scotia Duck Tolling Retriever,4.666666666666667,2.3333333333333335,3.75,4.0,86.53846153846153,Medium Popularity,Sporting Group
Old English Sheepdog,4.333333333333333,3.3333333333333335,3.75,3.5,75.46153846153847,Medium Popularity,Herding Group
Otterhound,3.6666666666666665,2.3333333333333335,3.5,3.75,180.23076923076923,Low Popularity,Hound Group
Papillon,4.333333333333333,2.0,4.75,4.75,48.53846153846154,High Popularity,Toy Group
Parson Russell Terrier,4.333333333333333,1.6666666666666667,3.5,4.0,115.0,Medium Popularity,Terrier Group
Pekingese,3.6666666666666665,2.3333333333333335,3.75,2.5,88.38461538461539,Medium Popularity,Toy Group
Pembroke Welsh Corgi,4.0,2.3333333333333335,4.25,4.0,15.153846153846153,High Popularity,Herding Group
Petit Basset Griffon Vendéen,4.666666666666667,2.0,4.0,4.0,154.0,Low Popularity,Hound Group
Pharaoh Hound,4.333333333333333,2.0,3.0,3.75,172.53846153846155,Low Popularity,Hound Group
Plott Hound,4.333333333333333,1.6666666666666667,3.75,3.75,166.30769230769232,Low Popularity,Hound Group
Pointer,4.333333333333333,2.3333333333333335,3.75,4.0,116.0,Medium Popularity,Sporting Group
Polish Lowland Sheepdog,3.6666666666666665,2.6666666666666665,4.25,3.75,175.6153846153846,Low Popularity,Herding Group
Pomeranian,3.6666666666666665,2.0,3.5,3.25,21.846153846153847,High Popularity,Toy Group
Poodle,4.333333333333333,2.0,4.75,4.25,6.3076923076923075,High Popularity,Non-Sporting Group
Portuguese Podengo Pequeno,5.0,2.0,3.5,3.5,159.07692307692307,Low Popularity,Hound Group
Portuguese Water Dog,4.666666666666667,2.6666666666666665,4.5,4.5,48.69230769230769,High Popularity,Working Group
Pug,4.666666666666667,2.3333333333333335,4.5,2.75,32.92307692307692,High Popularity,Toy Group
Puli,3.6666666666666665,2.6666666666666665,3.75,4.0,157.30769230769232,Low Popularity,Herding Group
Pumi,3.6666666666666665,1.6666666666666667,3.75,4.5,157.88888888888889,Low Popularity,Herding Group
Pyrenean Shepherd,3.6666666666666665,2.3333333333333335,4.25,4.75,182.6153846153846,Low Popularity,Herding Group
Rat Terrier,4.333333333333333,2.0,4.5,4.25,90.66666666666667,Medium Popularity,Terrier Group
Redbone Coonhound,5.0,2.6666666666666665,3.25,3.5,144.46153846153845,Low Popularity,Hound Group
Rhodesian Ridgeback,4.333333333333333,2.3333333333333335,3.75,3.25,41.0,High Popularity,Hound Group
Rottweiler,3.6666666666666665,2.3333333333333335,4.0,3.5,8.307692307692308,High Popularity,Working Group
Russell Terrier,4.333333333333333,2.0,4.5,4.25,80.46153846153847,Medium Popularity,Terrier Group
Russian Toy,3.6666666666666665,2.0,3.75,3.5,145.0,Low Popularity,Toy Group
Saint Bernard,4.333333333333333,3.3333333333333335,3.75,2.5,52.46153846153846,High Popularity,Working Group
Saluki,3.6666666666666665,1.3333333333333333,2.5,3.75,129.15384615384616,Medium Popularity,Hound Group
Samoyed,4.333333333333333,2.3333333333333335,4.5,4.25,58.30769230769231,High Popularity,Working Group
Schipperke,3.6666666666666665,2.0,4.0,3.5,110.38461538461539,Medium Popularity,Non-Sporting Group
Scottish Deerhound,4.333333333333333,1.6666666666666667,3.0,2.5,159.69230769230768,Low Popularity,Hound Group
Scottish Terrier,3.3333333333333335,2.3333333333333335,4.0,3.5,57.46153846153846,High Popularity,Terrier Group
Sealyham Terrier,3.6666666666666665,2.3333333333333335,4.0,3.75,158.53846153846155,Low Popularity,Terrier Group
Shetland Sheepdog,5.0,2.3333333333333335,4.25,4.5,25.307692307692307,High Popularity,Herding Group
Shiba Inu,3.6666666666666665,2.0,3.5,3.0,44.30769230769231,High Popularity,Non-Sporting Group
Shih Tzu,5.0,2.0,3.5,3.25,19.53846153846154,High Popularity,Toy Group
Siberian Husky,5.0,2.3333333333333335,3.75,4.25,17.53846153846154,High Popularity,Working Group
Silky Terrier,3.6666666666666665,2.0,4.25,3.5,108.53846153846153,Medium Popularity,Toy Group
Skye Terrier,3.6666666666666665,2.3333333333333335,3.0,3.0,179.07692307692307,Low Popularity,Terrier Group
Sloughi,3.3333333333333335,1.6666666666666667,2.5,3.0,193.5,Low Popularity,Hound Group
Smooth Fox Terrier,3.6666666666666665,2.0,4.0,3.75,128.23076923076923,Medium Popularity,Terrier Group
Soft Coated Wheaten Terrier,4.333333333333333,2.3333333333333335,3.0,3.25,58.69230769230769,High Popularity,Terrier Group
Spanish Water Dog,4.0,2.3333333333333335,3.25,4.0,150.33333333333334,Low Popularity,Herding Group
Spinone Italiano,4.0,2.6666666666666665,3.0,3.0,113.23076923076923,Medium Popularity,Sporting Group
Staffordshire Bull Terrier,4.333333333333333,2.3333333333333335,4.0,4.25,76.23076923076923,Medium Popularity,Terrier Group
Standard Schnauzer,4.333333333333333,2.3333333333333335,4.0,4.0,92.0,Medium Popularity,Working Group
Sussex Spaniel,3.6666666666666665,3.0,3.0,3.25,174.30769230769232,Low Popularity,Sporting Group
Swedish Vallhund,4.333333333333333,2.6666666666666665,3.5,3.75,154.76923076923077,Low Popularity,Herding Group
Tibetan Mastiff,3.3333333333333335,3.3333333333333335,3.0,3.25,138.92307692307693,Low Popularity,Working Group
Tibetan Spaniel,4.333333333333333,2.3333333333333335,4.0,3.0,119.92307692307692,Medium Popularity,Non-Sporting Group
Tibetan Terrier,3.6666666666666665,2.6666666666666665,3.5,3.5,101.3076923076923,Medium Popularity,Non-Sporting Group
Toy Fox Terrier,3.6666666666666665,2.0,4.5,4.25,110.38461538461539,Medium Popularity,Toy Group
Treeing Walker Coonhound,5.0,2.3333333333333335,3.5,4.75,136.84615384615384,Low Popularity,Hound Group
Vizsla,4.666666666666667,2.3333333333333335,4.25,4.5,33.23076923076923,High Popularity,Sporting Group
Weimaraner,4.333333333333333,2.3333333333333335,4.25,4.5,40.38461538461539,High Popularity,Sporting Group
Welsh Springer Spaniel,4.666666666666667,2.3333333333333335,2.75,4.0,130.15384615384616,Medium Popularity,Sporting Group
Welsh Terrier,4.333333333333333,2.3333333333333335,4.25,4.0,111.07692307692308,Medium Popularity,Terrier Group
West Highland White Terrier,4.333333333333333,2.3333333333333335,4.5,4.0,42.15384615384615,High Popularity,Terrier Group
Whippet,5.0,1.3333333333333333,3.25,3.0,56.23076923076923,High Popularity,Hound Group
Wire Fox Terrier,4.333333333333333,2.3333333333333335,4.25,4.0,101.23076923076923,Medium Popularity,Terrier Group
Wirehaired Pointing Griffon,4.333333333333333,2.6666666666666665,4.0,4.5,63.07692307692308,High Popularity,Sporting Group
Wirehaired Vizsla,4.333333333333333,2.0,4.25,4.5,146.75,Low Popularity,Sporting Group
Xoloitzcuintli,3.6666666666666665,1.0,3.5,3.75,131.30769230769232,Medium Popularity,Non-Sporting Group
Yorkshire Terrier,4.333333333333333,2.3333333333333335,4.75,4.0,10.384615384615385,High Popularity,Toy Group
