Breed,Group,2013 Rank,2014 Rank,2015 Rank,2016 Rank,2017 Rank,2018 Rank,2019 Rank,2020 Rank,2021 Rank,2022 Rank,2023 Rank,2024 Rank,2025 Rank,links,Affectionate With Family,Good With Young Children,Good With Other Dogs,Shedding Level,Coat Grooming Frequency,Drooling Level,Coat Type,Coat Length,Openness To Strangers,Playfulness Level,Watchdog/Protective Nature,Adaptability Level,Trainability Level,Energy Level,Barking Level,Mental Stimulation Needs
Affenpinscher,Toy Group,143,144,136,149,147,148,152,163,159,148,162,162,153,"""""""https://www.akc.org/dog-breeds/affenpinscher/""""""",3,3,3,3,3,1,Wiry,Short; Medium,5,3,3,4,3,3,3,3
Afghan Hound,Hound Group,95,98,100,113,93,113,113,122,114,117,111,110,117,https://www.akc.org/dog-breeds/afghan-hound/,3,3,3,1,4,1,Silky,Long,3,3,3,3,1,4,3,3
Airedale Terrier,Terrier Group,56,57,53,55,55,60,61,62,62,65,67,64,70,https://www.akc.org/dog-breeds/airedale-terrier/,3,3,3,1,3,1,Wiry,Short; Medium,3,3,5,3,3,3,3,3
Akita,Working Group,45,46,46,46,47,47,47,48,52,55,58,59,62,https://www.akc.org/dog-breeds/akita/,3,3,1,3,3,1,Double,Medium,2,3,5,3,3,4,2,3
Alaskan Malamute,Working Group,57,54,54,59,59,58,65,65,68,67,71,79,81,https://www.akc.org/dog-breeds/alaskan-malamute/,3,3,3,3,3,1,Double,Medium,3,3,4,3,5,4,3,3
American English Coonhound,Hound Group,146,156,166,170,178,175,177,185,184,182,178,171,182,https://www.akc.org/dog-breeds/american-english-coonhound/,3,3,5,2,1,1,Smooth,Short,3,3,3,3,3,4,4,3
American Eskimo Dog,Non-Sporting Group,110,120,118,122,118,122,122,119,122,123,129,116,124,https://www.akc.org/dog-breeds/american-eskimo-dog/,5,5,3,3,3,1,Double,Medium,5,3,3,4,4,4,3,3
American Foxhound,Hound Group,176,180,181,189,187,186,191,192,195,196,182,193,188,https://www.akc.org/dog-breeds/american-foxhound/,3,5,5,3,1,1,Smooth,Short,3,3,3,3,3,4,5,3
American Hairless Terrier,Terrier Group,NA,NA,NA,106,126,136,126,129,135,120,112,125,108,https://www.akc.org/dog-breeds/american-hairless-terrier/,5,5,3,1,1,1,Hairless,Short,3,3,3,5,5,3,3,3
American Staffordshire Terrier,Terrier Group,76,84,77,81,83,85,86,82,81,87,95,77,97,https://www.akc.org/dog-breeds/american-staffordshire-terrier/,5,3,3,2,1,1,Smooth,Short,4,3,5,3,3,3,3,3
American Water Spaniel,Sporting Group,144,160,157,156,167,166,166,158,166,166,168,167,176,https://www.akc.org/dog-breeds/american-water-spaniel/,3,3,3,1,3,1,Double; Curly,Medium,3,3,3,3,5,3,3,3
Anatolian Shepherd Dog,Working Group,93,94,92,84,86,90,96,85,88,79,82,86,88,https://www.akc.org/dog-breeds/anatolian-shepherd-dog/,1,3,3,3,2,1,Smooth,Short,1,3,5,3,2,3,3,3
Australian Cattle Dog,Herding Group,58,55,56,54,56,55,55,54,51,48,52,49,47,https://www.akc.org/dog-breeds/australian-cattle-dog/,3,3,3,3,1,1,Smooth; Double,Short,3,3,4,3,4,5,1,4
Australian Shepherd,Herding Group,20,18,17,16,17,15,13,12,12,12,12,12,14,https://www.akc.org/dog-breeds/australian-shepherd/,3,5,3,3,2,1,Double,Medium,3,4,3,3,5,5,3,5
Australian Terrier,Terrier Group,122,139,125,136,137,139,144,134,152,136,156,158,150,https://www.akc.org/dog-breeds/australian-terrier/,4,5,3,1,2,1,Rough; Double,Medium,3,3,4,4,4,3,3,3
Azawakh,Hound Group,NA,NA,NA,NA,NA,NA,192,193,185,194,196,192,195,https://www.akc.org/dog-breeds/azawakh/,3,3,3,2,2,1,Smooth,Short,1,3,3,3,2,3,1,3
Barbet,Sporting Group,NA,NA,NA,NA,NA,NA,95,145,148,147,136,142,129,https://www.akc.org/dog-breeds/barbet/,4,3,3,1,5,1,Curly; Wavy,Medium; Long,3,3,3,3,4,3,3,3
Basenji,Hound Group,85,86,87,88,84,87,88,86,87,91,81,80,92,https://www.akc.org/dog-breeds/basenji/,3,3,3,2,1,1,Smooth,Short,3,3,3,3,2,4,1,4
Basset Hound,Hound Group,42,42,39,39,39,39,37,36,34,36,34,34,34,https://www.akc.org/dog-breeds/basset-hound/,3,5,5,2,3,4,Smooth,Short,3,3,3,3,3,2,4,3
Beagle,Hound Group,4,5,5,5,6,6,7,7,7,8,8,7,7,https://www.akc.org/dog-breeds/beagle/,3,5,5,3,2,1,Smooth,Short,3,4,2,4,3,4,4,4
Bearded Collie,Herding Group,112,121,119,126,125,127,138,125,143,124,154,140,140,https://www.akc.org/dog-breeds/bearded-collie/,4,5,5,3,4,1,Silky,Long,4,4,3,4,3,4,5,3
Beauceron,Herding Group,152,145,142,140,141,124,123,121,121,111,109,100,102,https://www.akc.org/dog-breeds/beauceron/,3,3,3,4,3,1,Smooth; Double,Short,2,3,4,3,3,5,3,3
Bedlington Terrier,Terrier Group,137,140,146,138,151,141,153,141,133,152,149,134,147,https://www.akc.org/dog-breeds/bedlington-terrier/,3,3,3,1,3,1,Curly,Medium,3,3,4,3,3,4,3,3
Belgian Laekenoi,Herding Group,NA,NA,NA,NA,NA,NA,NA,NA,194,195,195,190,196,https://www.akc.org/dog-breeds/belgian-laekenois/,3,3,3,3,2,1,Wiry; Rough,Medium,3,3,4,3,5,4,3,4
Belgian Malinoi,Herding Group,60,60,51,47,44,43,41,37,36,32,33,33,32,https://www.akc.org/dog-breeds/belgian-malinois/,3,3,3,3,2,1,Smooth,Short,3,3,4,3,5,4,3,4
Belgian Sheepdog,Herding Group,119,123,120,129,120,125,128,117,129,125,124,131,120,https://www.akc.org/dog-breeds/belgian-sheepdog/,3,3,3,3,2,1,Double,Medium,3,3,4,3,5,4,3,4
Belgian Tervuren,Herding Group,108,110,98,107,103,106,105,106,103,104,102,107,115,https://www.akc.org/dog-breeds/belgian-tervuren/,3,3,3,3,2,1,Double,Medium,3,3,4,3,5,4,3,4
Bergamasco Sheepdog,Herding Group,NA,96,174,184,181,187,182,173,179,179,188,200,183,https://www.akc.org/dog-breeds/bergamasco-sheepdog/,3,3,3,1,1,2,Corded,Long,3,3,4,3,3,3,1,3
Berger Picard,Herding Group,NA,NA,NA,141,146,144,148,151,163,153,157,166,166,https://www.akc.org/dog-breeds/berger-picard/,3,3,3,3,1,1,Wiry,Medium,3,3,4,3,4,4,2,4
Bernese Mountain Dog,Working Group,32,32,29,27,25,22,23,22,20,22,21,19,20,https://www.akc.org/dog-breeds/bernese-mountain-dog/,5,5,5,5,3,3,Double,Medium,4,4,3,4,4,4,3,3
Bichon Frise,Non-Sporting Group,40,44,44,45,46,46,43,45,47,47,44,46,49,https://www.akc.org/dog-breeds/bichon-frise/,5,5,5,1,5,1,Double; Curly,Long,5,4,2,4,4,4,3,3
Biewer Terrier,Toy Group,NA,NA,NA,NA,NA,NA,NA,NA,82,77,78,70,74,https://www.akc.org/dog-breeds/biewer-terrier/,5,3,5,1,3,1,Silky,Long,3,4,2,3,3,3,3,3
Black Russian Terrier,Working Group,118,127,116,119,116,118,116,126,127,128,128,127,154,https://www.akc.org/dog-breeds/black-russian-terrier/,3,3,3,3,4,3,Double; Curly,Medium; Long,2,3,5,4,4,4,3,4
Black and Tan Coonhound,Hound Group,113,126,127,128,130,138,143,127,141,149,131,151,137,https://www.akc.org/dog-breeds/black-and-tan-coonhound/,4,5,5,3,2,3,Smooth,Short,3,3,2,4,3,3,4,3
Bloodhound,Hound Group,48,50,49,52,50,49,51,46,50,50,53,58,59,https://www.akc.org/dog-breeds/bloodhound/,4,3,3,3,2,5,Smooth,Short,3,3,2,3,4,3,5,3
Bluetick Coonhound,Hound Group,128,130,123,121,132,130,140,137,140,133,139,137,132,https://www.akc.org/dog-breeds/bluetick-coonhound/,3,3,5,3,2,2,Smooth,Short,3,3,2,3,4,4,4,3
Boerboel,Working Group,NA,64,126,131,124,121,129,123,118,118,123,114,112,https://www.akc.org/dog-breeds/boerboel/,5,4,2,3,2,3,Smooth,Short,3,3,5,3,4,3,3,4
Border Collie,Herding Group,44,40,38,38,38,35,33,32,31,30,31,30,26,https://www.akc.org/dog-breeds/border-collie/,5,3,3,3,3,1,Double; Wavy,Medium,4,5,3,5,5,5,4,5
Border Terrier,Terrier Group,81,85,82,86,92,88,85,97,91,95,94,98,91,https://www.akc.org/dog-breeds/border-terrier/,4,5,3,2,2,1,Wiry,Short,4,4,3,4,4,3,3,3
Borzoi,Hound Group,99,102,89,98,102,103,107,103,104,101,101,102,99,https://www.akc.org/dog-breeds/borzoi/,3,3,3,3,2,1,Curly; Silky,Medium,3,3,3,3,2,4,2,4
Boston Terrier,Non-Sporting Group,23,23,22,21,21,21,21,21,23,24,23,23,23,https://www.akc.org/dog-breeds/boston-terrier/,5,5,4,2,2,1,Smooth,Short,5,5,3,3,4,4,2,3
Bouvier des Flandre,Herding Group,82,81,83,83,85,84,93,94,101,98,99,101,100,https://www.akc.org/dog-breeds/bouvier-des-flandres/,3,3,3,3,4,2,Rough; Double,Medium,3,3,4,3,4,4,3,3
Boxer,Working Group,7,8,10,10,11,11,14,14,14,16,18,17,18,https://www.akc.org/dog-breeds/boxer/,4,5,3,2,2,3,Smooth,Short,4,4,4,3,4,4,3,4
Boykin Spaniel,Sporting Group,121,108,107,110,98,100,90,87,90,82,75,65,64,https://www.akc.org/dog-breeds/boykin-spaniel/,3,5,5,3,3,1,Double; Wavy,Medium,3,4,3,4,4,4,3,3
Bracco Italiano,Sporting Group,NA,NA,NA,NA,NA,NA,NA,NA,NA,NA,152,132,136,https://www.akc.org/dog-breeds/bracco-italiano/,3,4,4,2,1,2,Smooth,Short,3,3,3,3,5,4,2,3
Briard,Herding Group,127,132,130,132,127,132,137,150,150,151,150,145,172,https://www.akc.org/dog-breeds/briard/,3,3,3,1,4,2,Double; Wavy,Long,3,3,4,3,3,3,1,3
Brittany,Sporting Group,30,27,26,25,26,26,26,28,27,28,28,31,31,https://www.akc.org/dog-breeds/brittany/,3,4,4,3,3,1,Double; Wavy,Short,3,4,3,3,5,5,3,4
Brussels Griffon,Toy Group,84,91,95,97,94,98,98,89,97,97,92,84,82,https://www.akc.org/dog-breeds/brussels-griffon/,4,3,3,3,3,1,Wiry; Smooth; Double,Short; Medium,4,4,3,4,4,3,4,3
Bull Terrier,Terrier Group,52,53,55,57,60,62,62,64,61,64,65,72,86,https://www.akc.org/dog-breeds/bull-terrier/,4,3,1,3,2,1,Smooth,Short,4,4,3,3,3,4,3,4
Bulldog,Non-Sporting Group,5,4,4,4,5,5,5,5,6,6,7,9,10,https://www.akc.org/dog-breeds/bulldog/,4,3,3,3,3,3,Smooth,Short,4,4,3,3,4,3,2,3
Bullmastiff,Working Group,41,45,43,48,51,51,52,55,56,61,60,67,78,https://www.akc.org/dog-breeds/bullmastiff/,4,3,3,3,1,3,Smooth,Short,3,3,5,3,4,4,1,4
Cairn Terrier,Terrier Group,61,69,70,70,69,69,73,73,74,70,68,71,68,https://www.akc.org/dog-breeds/cairn-terrier/,4,3,3,2,2,1,Wiry; Double,Medium,3,4,4,3,3,3,4,3
Canaan Dog,Herding Group,164,176,170,181,175,179,181,184,187,187,191,195,193,https://www.akc.org/dog-breeds/canaan-dog/,3,3,3,4,2,1,Smooth; Double,Short,3,3,4,3,4,3,5,3
Cane Corso,Working Group,50,48,35,40,37,32,30,25,21,18,16,14,11,https://www.akc.org/dog-breeds/cane-corso/,4,3,3,2,1,3,Smooth,Short,3,3,5,3,4,4,3,3
Cardigan Welsh Corgi,Herding Group,75,78,76,69,68,68,67,66,67,62,63,60,65,https://www.akc.org/dog-breeds/cardigan-welsh-corgi/,4,4,3,3,2,1,Double,Medium,4,4,3,3,4,4,5,4
Cavalier King Charles Spaniel,Toy Group,18,19,18,19,19,18,16,17,15,14,14,13,12,https://www.akc.org/dog-breeds/cavalier-king-charles-spaniel/,5,5,5,2,2,2,Wavy; Silky,Medium,4,3,3,3,4,3,3,3
Cesky Terrier,Terrier Group,174,182,179,182,185,185,190,191,190,191,192,187,197,https://www.akc.org/dog-breeds/cesky-terrier/,4,5,3,2,2,1,Wavy; Silky,Medium,4,3,3,4,3,3,3,3
Chesapeake Bay Retriever,Sporting Group,43,41,42,43,43,45,46,50,48,52,54,52,56,https://www.akc.org/dog-breeds/chesapeake-bay-retriever/,4,3,3,3,3,2,Wiry; Wavy,Medium,3,3,4,4,5,4,3,4
Chihuahua,Toy Group,22,24,28,30,32,33,35,34,37,34,32,27,24,https://www.akc.org/dog-breeds/chihuahua/,4,1,3,2,1,1,Smooth,Short; Medium,2,4,4,4,3,4,5,3
Chinese Crested,Toy Group,68,65,75,77,79,79,81,79,77,80,79,68,72,https://www.akc.org/dog-breeds/chinese-crested/,4,3,3,1,2,1,Hairless; Silky,Short; Medium,4,3,3,4,4,3,3,3
Chinese Shar-Pei,Non-Sporting Group,54,58,59,61,64,64,66,61,64,68,70,83,80,https://www.akc.org/dog-breeds/chinese-shar-pei/,4,3,3,3,1,3,Smooth,Short,3,3,4,4,3,3,3,3
Chinook,Working Group,156,171,177,175,179,190,186,186,172,180,179,182,198,https://www.akc.org/dog-breeds/chinook/,4,5,5,3,3,1,Smooth,Medium,3,3,4,4,4,3,5,3
Chow Chow,Non-Sporting Group,70,70,73,74,76,75,78,84,80,92,88,88,94,https://www.akc.org/dog-breeds/chow-chow/,4,3,2,3,3,3,Smooth; Rough; Double,Medium,2,3,5,3,3,3,1,3
Cirneco dell’Etna,Hound Group,NA,117,162,183,184,183,187,179,183,184,184,191,184,https://www.akc.org/dog-breeds/cirneco-delletna/,4,4,4,1,1,0,Smooth,Short,4,4,3,4,4,3,2,4
Clumber Spaniel,Sporting Group,131,143,134,144,140,143,136,135,149,139,148,149,133,https://www.akc.org/dog-breeds/clumber-spaniel/,4,3,3,3,2,4,Wavy; Silky,Medium,4,3,3,4,4,3,1,3
Cocker Spaniel,Sporting Group,29,30,30,29,29,30,28,30,29,29,30,32,33,https://www.akc.org/dog-breeds/cocker-spaniel/,4,5,5,3,4,2,Double; Silky,Long,4,3,3,4,4,4,3,3
Collie,Herding Group,35,36,36,37,40,38,38,40,38,39,40,39,39,https://www.akc.org/dog-breeds/collie/,4,5,3,3,3,2,Smooth; Rough,Short; Long,3,4,3,4,4,3,5,3
Coton de Tulear,Non-Sporting Group,NA,31,85,80,81,81,82,80,83,84,90,92,79,https://www.akc.org/dog-breeds/coton-de-tulear/,5,5,5,2,4,1,Double; Wavy,Long,5,4,3,4,4,3,1,3
Curly-Coated Retriever,Sporting Group,163,163,151,164,171,162,165,159,167,156,167,163,168,https://www.akc.org/dog-breeds/curly-coated-retriever/,5,5,3,2,1,1,Double; Curly,Short,3,4,4,4,4,4,3,3
Dachshund,Hound Group,10,11,13,13,13,12,11,10,10,9,6,6,5,https://www.akc.org/dog-breeds/dachshund/,5,3,4,2,2,2,Smooth,Short; Medium,4,4,4,4,4,3,5,3
Dalmatian,Non-Sporting Group,64,66,62,62,63,56,60,51,49,49,47,48,50,https://www.akc.org/dog-breeds/dalmatian/,5,3,3,4,2,2,Smooth,Short,4,4,4,4,4,4,3,4
Dandie Dinmont Terrier,Terrier Group,168,167,172,167,182,176,176,181,174,186,186,180,186,https://www.akc.org/dog-breeds/dandie-dinmont-terrier/,4,3,3,2,3,1,Double,Medium,4,3,4,3,4,3,3,3
Danish-Swedish Farmdog,Working Group,NA,NA,NA,NA,NA,NA,NA,NA,NA,NA,NA,NA,170,https://www.akc.org/dog-breeds/danish-swedish-farmdog/,5,5,5,2,1,1,Smooth,Short,5,4,4,4,4,4,3,4
Doberman Pinscher,Working Group,12,14,14,15,16,17,19,18,16,15,15,16,15,https://www.akc.org/dog-breeds/doberman-pinscher/,5,5,3,4,1,2,Smooth,Short,4,4,5,4,5,5,3,4
Dogo Argentino,Working Group,NA,NA,NA,NA,NA,NA,56,93,89,88,93,95,101,https://www.akc.org/dog-breeds/dogo-argentino/,5,3,3,4,1,3,Smooth,Short,4,4,5,4,5,5,3,4
Dogue de Bordeaux,Working Group,65,63,63,63,67,67,69,71,70,78,84,96,95,https://www.akc.org/dog-breeds/dogue-de-bordeaux/,5,3,3,4,1,5,Smooth,Short,3,3,5,4,4,3,3,4
English Cocker Spaniel,Sporting Group,62,62,60,56,52,52,50,47,43,40,39,36,35,https://www.akc.org/dog-breeds/english-cocker-spaniel/,5,5,5,3,3,2,Double,Medium; Long,4,3,3,4,4,3,3,4
English Foxhound,Hound Group,177,183,184,187,189,188,195,194,196,199,199,201,187,https://www.akc.org/dog-breeds/english-foxhound/,5,5,5,3,1,2,Double,Short,4,4,3,4,4,4,5,4
English Setter,Sporting Group,91,89,96,102,95,94,100,101,98,93,97,93,89,https://www.akc.org/dog-breeds/english-setter/,5,4,4,3,3,3,Double; Silky,Medium,4,4,3,4,4,3,3,4
English Springer Spaniel,Sporting Group,28,28,27,26,27,27,27,26,26,26,27,28,27,https://www.akc.org/dog-breeds/english-springer-spaniel/,5,3,4,3,2,3,Double,Medium,4,4,3,4,5,4,3,4
English Toy Spaniel,Toy Group,135,138,129,130,134,135,141,138,137,134,145,146,134,https://www.akc.org/dog-breeds/english-toy-spaniel/,5,5,5,3,3,2,Double; Silky,Medium,3,4,3,4,3,3,2,3
Entlebucher Mountain Dog,Herding Group,155,153,159,161,152,157,169,152,173,162,183,178,178,https://www.akc.org/dog-breeds/entlebucher-mountain-dog/,5,3,5,3,1,2,Smooth,Short,3,3,5,4,3,5,3,4
Field Spaniel,Sporting Group,140,137,145,147,145,149,155,160,136,157,147,160,148,https://www.akc.org/dog-breeds/field-spaniel/,5,5,4,3,2,2,Smooth; Wavy,Medium,4,3,3,4,5,3,3,3
Finnish Lapphund,Herding Group,171,173,169,173,173,161,167,165,168,167,135,129,127,https://www.akc.org/dog-breeds/finnish-lapphund/,5,4,3,4,2,2,Double,Medium,4,3,3,4,4,3,5,3
Finnish Spitz,Non-Sporting Group,170,174,178,179,177,184,185,187,191,188,194,194,194,https://www.akc.org/dog-breeds/finnish-spitz/,5,5,4,3,2,2,Double,Medium,3,3,3,4,3,5,5,4
Flat-Coated Retriever,Sporting Group,94,92,86,89,96,91,106,102,93,103,100,97,98,https://www.akc.org/dog-breeds/flat-coated-retriever/,5,5,5,3,2,2,Smooth,Medium,5,5,3,5,5,5,3,4
French Bulldog,Non-Sporting Group,11,9,6,6,4,4,4,2,2,1,1,1,1,https://www.akc.org/dog-breeds/french-bulldog/,5,5,4,3,1,3,Smooth,Short,5,5,3,5,4,3,1,3
German Pinscher,Working Group,130,141,138,146,136,134,125,139,146,145,151,133,139,https://www.akc.org/dog-breeds/german-pinscher/,5,3,3,3,1,1,Smooth,Short,3,4,4,3,5,5,3,4
German Shepherd Dog,Herding Group,2,2,2,2,2,2,2,3,4,4,4,4,4,https://www.akc.org/dog-breeds/german-shepherd-dog/,5,5,3,4,2,2,Double,Medium,3,4,5,5,5,5,3,5
German Shorthaired Pointer,Sporting Group,13,12,11,11,10,9,9,9,9,10,10,10,9,https://www.akc.org/dog-breeds/german-shorthaired-pointer/,5,5,4,3,2,2,Smooth,Short,4,4,4,4,5,5,3,5
German Wirehaired Pointer,Sporting Group,71,71,68,64,62,63,64,60,59,59,61,61,58,https://www.akc.org/dog-breeds/german-wirehaired-pointer/,5,3,3,2,2,2,Wiry; Double,Medium,4,4,3,4,5,5,3,4
Giant Schnauzer,Working Group,83,83,81,79,80,78,72,67,65,58,56,57,52,https://www.akc.org/dog-breeds/giant-schnauzer/,4,3,3,2,4,2,Wiry; Double,Medium,2,5,5,4,3,5,3,5
Glen of Imaal Terrier,Terrier Group,167,162,168,180,158,174,170,169,175,169,170,176,165,https://www.akc.org/dog-breeds/glen-of-imaal-terrier/,5,3,3,2,3,2,Wiry,Medium,3,3,3,4,3,3,2,3
Golden Retriever,Sporting Group,3,3,3,3,3,3,3,4,3,3,3,3,3,https://www.akc.org/dog-breeds/golden-retriever/,5,5,5,4,2,2,Double,Medium,5,4,3,5,5,3,1,4
Gordon Setter,Sporting Group,105,100,105,104,104,115,115,107,113,99,106,109,104,https://www.akc.org/dog-breeds/gordon-setter/,5,3,3,3,2,4,Double,Medium,3,3,4,4,5,5,3,4
Grand Basset Griffon Vendéen,Hound Group,NA,NA,NA,NA,NA,177,180,188,189,185,197,199,200,https://www.akc.org/dog-breeds/grand-basset-griffon-vendeen/,5,3,4,3,2,2,Wiry; Double,Medium,5,4,3,4,3,5,4,4
Great Dane,Working Group,16,15,15,14,14,16,17,15,17,19,19,21,22,https://www.akc.org/dog-breeds/great-dane/,5,3,3,3,1,4,Smooth,Short,3,4,5,4,3,4,3,4
Great Pyrenee,Working Group,69,75,67,67,66,66,70,70,63,69,64,74,66,https://www.akc.org/dog-breeds/great-pyrenees/,5,3,3,3,2,3,Double,Medium,3,3,5,3,3,3,3,3
Greater Swiss Mountain Dog,Working Group,74,80,78,78,75,74,74,76,78,83,87,82,71,https://www.akc.org/dog-breeds/greater-swiss-mountain-dog/,5,5,3,3,2,3,Smooth,Short,5,4,4,3,4,4,3,4
Greyhound,Hound Group,148,147,147,151,156,145,164,142,132,129,127,118,151,https://www.akc.org/dog-breeds/greyhound/,4,3,4,2,1,1,Smooth,Short,3,3,3,4,3,4,3,3
Harrier,Hound Group,173,181,183,186,183,189,188,190,188,193,190,183,199,https://www.akc.org/dog-breeds/harrier/,5,5,5,3,1,2,Double,Short,4,4,3,4,4,4,5,4
Havanese,Toy Group,25,25,24,23,23,24,22,24,25,25,25,25,25,https://www.akc.org/dog-breeds/havanese/,5,5,5,2,3,1,Double; Silky,Long,5,5,3,5,4,3,4,3
Ibizan Hound,Hound Group,151,159,160,152,165,152,173,171,182,172,166,174,174,https://www.akc.org/dog-breeds/ibizan-hound/,5,3,5,2,1,1,Wiry; Smooth,Short,3,4,3,4,3,5,3,5
Icelandic Sheepdog,Herding Group,142,146,140,153,144,155,134,154,138,132,146,143,138,https://www.akc.org/dog-breeds/icelandic-sheepdog/,5,5,4,3,2,2,Double,Medium,3,3,4,4,5,4,4,5
Irish Red and White Setter,Sporting Group,145,155,148,142,154,146,157,170,154,168,165,170,162,https://www.akc.org/dog-breeds/irish-red-and-white-setter/,5,5,5,2,2,2,Double; Silky,Medium,5,3,3,5,5,5,3,3
Irish Setter,Sporting Group,72,73,72,76,72,77,80,75,71,71,76,85,73,https://www.akc.org/dog-breeds/irish-setter/,5,5,5,3,3,2,Silky,Medium,5,5,3,4,4,5,3,4
Irish Terrier,Terrier Group,123,125,113,115,114,116,121,120,124,131,137,136,149,https://www.akc.org/dog-breeds/irish-terrier/,5,5,1,2,1,1,Wiry; Double,Medium,3,3,5,4,3,3,3,4
Irish Water Spaniel,Sporting Group,141,152,144,150,164,159,172,174,165,183,177,177,169,https://www.akc.org/dog-breeds/irish-water-spaniel/,5,3,3,1,3,2,Curly,Medium,3,5,3,4,5,3,1,4
Irish Wolfhound,Hound Group,73,72,69,73,73,76,77,74,85,89,73,76,75,https://www.akc.org/dog-breeds/irish-wolfhound/,5,3,4,3,2,2,Wiry,Medium,3,3,5,3,3,3,1,3
Italian Greyhound,Toy Group,66,74,71,72,74,73,68,69,73,63,62,56,53,https://www.akc.org/dog-breeds/italian-greyhound/,5,3,5,3,1,1,Smooth,Short,5,4,3,4,4,3,3,3
Japanese Chin,Toy Group,87,93,97,108,108,104,110,111,105,105,103,103,103,https://www.akc.org/dog-breeds/japanese-chin/,5,3,5,3,2,1,Silky,Medium,3,3,3,4,3,3,2,3
Keeshond,Non-Sporting Group,86,87,84,92,87,95,89,96,95,90,89,90,85,https://www.akc.org/dog-breeds/keeshond/,5,5,5,3,3,2,Double,Long,5,5,5,5,5,4,4,4
Kerry Blue Terrier,Terrier Group,126,128,124,127,129,129,135,133,134,146,160,135,155,https://www.akc.org/dog-breeds/kerry-blue-terrier/,5,4,2,1,3,2,Wavy,Medium,3,3,5,3,3,4,4,4
Komondor,Working Group,159,168,163,177,163,173,183,178,186,175,180,186,185,https://www.akc.org/dog-breeds/komondor/,5,3,2,1,4,2,Corded,Long,3,3,5,3,4,3,3,3
Kuvasz,Working Group,150,161,150,165,157,163,168,177,169,177,173,164,179,https://www.akc.org/dog-breeds/kuvasz/,5,3,3,3,2,2,Double,Medium,3,3,5,4,5,3,3,3
Labrador Retriever,Sporting Group,1,1,1,1,1,1,1,1,1,2,2,2,2,https://www.akc.org/dog-breeds/labrador-retriever/,5,5,5,4,2,2,Double,Short,5,5,3,5,5,5,3,4
Lagotto Romagnolo,Sporting Group,NA,NA,NA,114,117,99,91,88,79,76,80,78,77,https://www.akc.org/dog-breeds/lagotto-romagnolo/,5,3,5,1,2,2,Double; Curly,Medium,4,4,3,4,4,4,2,4
Lakeland Terrier,Terrier Group,134,149,141,145,138,147,150,136,142,143,153,156,157,https://www.akc.org/dog-breeds/lakeland-terrier/,5,3,3,2,2,1,Wiry; Double,Short,3,4,3,4,3,3,3,4
Lancashire Heeler,Herding Group,NA,NA,NA,NA,NA,NA,NA,NA,NA,NA,NA,189,190,https://www.akc.org/dog-breeds/lancashire-heeler/,5,5,5,3,1,1,Double,Short,4,4,3,4,4,4,4,4
Leonberger,Working Group,98,104,93,95,100,93,97,98,102,114,98,99,96,https://www.akc.org/dog-breeds/leonberger/,5,5,3,4,4,3,Double,Long,5,3,4,4,5,3,3,4
Lhasa Apso,Non-Sporting Group,63,67,65,71,77,71,79,78,84,86,85,94,83,https://www.akc.org/dog-breeds/lhasa-apso/,5,3,3,1,3,1,Silky,Long,3,3,5,5,3,3,3,3
Lowchen,Non-Sporting Group,154,165,161,171,169,168,160,161,157,165,159,154,159,https://www.akc.org/dog-breeds/lowchen/,5,5,3,2,2,1,Wavy,Long,3,4,4,4,4,3,3,3
Maltese,Toy Group,27,29,31,33,33,37,36,38,39,38,37,37,37,https://www.akc.org/dog-breeds/maltese/,5,3,3,1,4,1,Silky,Long,3,3,4,4,3,3,3,3
Manchester Terrier,Terrier Group,120,136,137,133,135,133,142,132,123,130,126,115,131,https://www.akc.org/dog-breeds/manchester-terrier/,5,4,3,2,2,1,Smooth,Short,3,4,4,4,4,4,4,3
Mastiff,Working Group,26,26,25,28,28,29,32,33,35,37,38,40,40,https://www.akc.org/dog-breeds/mastiff/,5,5,3,3,1,4,Double,Short,3,3,5,4,3,3,1,3
Miniature American Shepherd,Herding Group,NA,NA,NA,36,35,34,29,31,30,31,29,24,28,https://www.akc.org/dog-breeds/miniature-american-shepherd/,5,5,5,3,3,2,Double,Medium,3,4,3,4,5,5,3,5
Miniature Bull Terrier,Terrier Group,125,129,121,120,115,110,114,105,107,110,107,105,105,https://www.akc.org/dog-breeds/miniature-bull-terrier/,5,3,3,2,1,2,Smooth,Short,3,4,4,4,3,4,5,4
Miniature Pinscher,Toy Group,53,61,64,68,71,70,75,77,76,72,74,73,67,https://www.akc.org/dog-breeds/miniature-pinscher/,5,3,4,3,1,1,Smooth,Short,3,4,5,4,3,5,5,5
Miniature Schnauzer,Terrier Group,17,16,16,17,18,19,18,19,18,17,17,18,17,https://www.akc.org/dog-breeds/miniature-schnauzer/,5,5,3,3,4,2,Wiry; Double,Medium,3,4,4,5,5,3,5,4
Mudi,Herding Group,NA,NA,NA,NA,NA,NA,NA,NA,NA,150,130,122,125,https://www.akc.org/dog-breeds/mudi/,5,3,3,2,1,2,Curly,Medium,3,5,4,4,5,5,4,3
Neapolitan Mastiff,Working Group,111,114,106,99,107,102,102,100,106,119,118,128,119,https://www.akc.org/dog-breeds/neapolitan-mastiff/,3,3,3,3,2,5,Smooth,Short,3,2,5,3,3,2,1,3
Nederlandse Kooikerhondje,Sporting Group,NA,NA,NA,NA,NA,150,159,162,156,170,161,161,158,https://www.akc.org/dog-breeds/nederlandse-kooikerhondje/,5,3,3,3,2,2,Double; Wavy,Medium,4,3,3,4,5,4,3,4
Newfoundland,Working Group,37,37,37,35,36,40,40,41,45,42,42,47,46,https://www.akc.org/dog-breeds/newfoundland/,5,5,5,3,2,5,Double,Medium,5,3,5,4,3,3,1,3
Norfolk Terrier,Terrier Group,129,131,131,134,128,126,133,130,130,138,134,130,126,https://www.akc.org/dog-breeds/norfolk-terrier/,5,5,3,3,2,1,Wiry; Double,Short,5,4,4,4,3,4,4,4
Norwegian Buhund,Herding Group,166,172,165,174,170,165,171,168,170,178,175,184,173,https://www.akc.org/dog-breeds/norwegian-buhund/,5,3,3,3,2,1,Double,Medium,3,3,4,4,3,4,4,4
Norwegian Elkhound,Hound Group,103,103,88,94,91,97,94,91,100,100,115,124,128,https://www.akc.org/dog-breeds/norwegian-elkhound/,5,3,3,3,2,2,Double,Medium,4,4,5,4,4,4,4,4
Norwegian Lundehund,Non-Sporting Group,175,184,182,188,190,191,194,195,197,198,198,198,202,https://www.akc.org/dog-breeds/norwegian-lundehund/,5,3,3,3,2,1,Double,Short,3,3,3,3,3,3,4,3
Norwich Terrier,Terrier Group,89,97,103,103,105,108,104,109,111,109,105,104,109,https://www.akc.org/dog-breeds/norwich-terrier/,5,5,3,3,2,1,Wiry; Double,Short,5,4,4,4,3,4,4,4
Nova Scotia Duck Tolling Retriever,Sporting Group,97,99,99,87,89,83,87,90,92,81,83,69,69,https://www.akc.org/dog-breeds/nova-scotia-duck-tolling-retriever/,5,5,4,3,2,2,Double,Medium,3,5,3,4,5,5,2,4
Old English Sheepdog,Herding Group,78,77,74,75,70,72,71,68,69,74,77,89,87,https://www.akc.org/dog-breeds/old-english-sheepdog/,5,5,3,3,4,3,Double,Long,3,4,4,4,4,3,3,4
Otterhound,Hound Group,172,179,180,166,186,182,174,176,178,176,189,196,189,https://www.akc.org/dog-breeds/otterhound/,5,3,3,2,2,3,Rough; Double,Medium,4,3,3,4,4,3,5,3
Papillon,Toy Group,38,43,48,53,53,54,53,53,54,51,45,44,42,https://www.akc.org/dog-breeds/papillon/,5,5,3,3,2,1,Silky,Medium,5,5,4,5,5,4,5,5
Parson Russell Terrier,Terrier Group,100,116,111,109,119,117,120,115,117,121,117,112,121,https://www.akc.org/dog-breeds/parson-russell-terrier/,5,3,5,2,2,1,Smooth; Double,Short,3,4,3,4,4,5,3,4
Pekingese,Toy Group,77,82,80,93,88,92,84,95,94,96,91,87,90,https://www.akc.org/dog-breeds/pekingese/,5,3,3,3,3,1,Double,Long,3,4,4,4,3,3,1,3
Pembroke Welsh Corgi,Herding Group,24,22,20,18,15,13,10,11,11,11,11,15,16,https://www.akc.org/dog-breeds/pembroke-welsh-corgi/,5,3,4,4,2,1,Double,Short,4,4,5,4,4,4,4,4
Petit Basset Griffon Vendéen,Hound Group,138,150,143,148,160,156,154,164,161,154,158,155,161,https://www.akc.org/dog-breeds/petit-basset-griffon-vendeen/,4,5,5,2,2,2,Rough; Double,Long,4,4,4,4,3,4,5,4
Pharaoh Hound,Hound Group,160,164,171,168,174,172,163,180,176,174,176,185,180,https://www.akc.org/dog-breeds/pharaoh-hound/,5,3,5,3,2,1,Smooth,Short,3,3,3,3,4,4,3,4
Plott Hound,Hound Group,149,154,149,158,166,171,179,167,171,173,181,173,171,https://www.akc.org/dog-breeds/plott/,5,3,5,2,1,2,Smooth,Short,4,3,4,4,4,4,4,3
Pointer,Sporting Group,114,119,114,117,113,114,117,116,120,107,125,121,111,https://www.akc.org/dog-breeds/pointer/,5,3,5,3,2,2,Smooth,Short,4,4,3,4,5,4,3,4
Polish Lowland Sheepdog,Herding Group,157,170,164,169,176,170,175,175,180,181,193,181,192,https://www.akc.org/dog-breeds/polish-lowland-sheepdog/,5,3,3,2,4,2,Double,Long,3,4,5,5,4,3,4,4
Pomeranian,Toy Group,19,20,21,22,22,23,24,23,24,23,22,22,19,https://www.akc.org/dog-breeds/pomeranian/,5,3,3,2,3,1,Double,Long,3,3,4,4,3,3,4,3
Poodle,Non-Sporting Group,8,7,8,7,7,7,6,6,5,5,5,5,6,https://www.akc.org/dog-breeds/poodle/,5,5,3,1,4,1,Curly,Long,5,5,5,4,4,4,4,5
Portuguese Podengo Pequeno,Hound Group,153,166,153,160,159,154,149,157,162,171,163,157,164,https://www.akc.org/dog-breeds/portuguese-podengo-pequeno/,5,5,5,3,2,1,Wiry; Smooth,Short,3,4,3,4,3,4,3,4
Portuguese Water Dog,Working Group,49,52,52,51,54,50,49,49,44,46,49,45,43,https://www.akc.org/dog-breeds/portuguese-water-dog/,5,5,4,2,4,2,Curly; Wavy,Long,4,5,4,5,5,5,3,5
Pug,Toy Group,31,33,33,32,31,28,31,29,33,35,36,38,38,https://www.akc.org/dog-breeds/pug/,5,5,4,4,2,1,Smooth,Short,5,5,3,5,4,3,1,3
Puli,Herding Group,136,151,154,159,142,160,162,143,164,161,164,172,177,https://www.akc.org/dog-breeds/puli/,5,3,3,1,5,2,Corded; Double,Long,3,3,5,4,5,3,3,5
Pumi,Herding Group,NA,NA,NA,NA,162,151,158,156,153,140,172,169,160,https://www.akc.org/dog-breeds/pumi/,5,3,3,1,2,2,Curly; Wavy,Medium,3,4,4,4,5,5,3,5
Pyrenean Shepherd,Herding Group,169,178,176,176,180,181,184,182,192,190,187,188,191,https://www.akc.org/dog-breeds/pyrenean-shepherd/,5,3,3,3,2,2,Smooth; Rough,Medium,3,5,5,4,5,5,4,5
Rat Terrier,Terrier Group,NA,111,101,96,97,86,92,83,86,85,86,81,84,https://www.akc.org/dog-breeds/rat-terrier/,5,5,3,3,2,1,Smooth,Short,5,5,4,4,5,4,3,5
Redbone Coonhound,Hound Group,133,148,139,143,139,142,145,146,155,158,140,144,146,https://www.akc.org/dog-breeds/redbone-coonhound/,5,5,5,3,2,3,Smooth,Short,3,3,3,4,3,3,4,4
Rhodesian Ridgeback,Hound Group,39,39,40,42,41,41,42,42,41,41,41,43,41,https://www.akc.org/dog-breeds/rhodesian-ridgeback/,5,5,3,3,2,2,Smooth,Short,3,3,5,4,4,3,2,4
Rottweiler,Working Group,9,10,9,8,8,8,8,8,8,7,9,8,8,https://www.akc.org/dog-breeds/rottweiler/,5,3,3,3,1,3,Smooth,Short,3,4,5,4,5,3,1,5
Russell Terrier,Terrier Group,102,105,104,90,78,82,76,72,72,73,66,66,60,https://www.akc.org/dog-breeds/russell-terrier/,5,3,5,3,2,1,Wiry; Smooth,Short,5,5,4,4,3,5,4,5
Russian Toy,Toy Group,NA,NA,NA,NA,NA,NA,NA,NA,NA,144,141,150,145,https://www.akc.org/dog-breeds/russian-toy/,5,3,3,3,2,1,Double,Short,3,4,4,4,4,3,4,3
Saint Bernard,Working Group,47,51,50,49,48,48,48,52,53,56,55,62,63,https://www.akc.org/dog-breeds/st-bernard/,5,5,3,3,2,5,Smooth; Rough; Double,Short,3,3,5,4,3,3,1,3
Saluki,Hound Group,115,134,132,125,123,120,127,144,128,135,120,141,135,https://www.akc.org/dog-breeds/saluki/,5,3,3,2,1,1,Smooth,Short,3,3,1,3,3,4,3,5
Samoyed,Working Group,67,68,61,65,57,59,59,56,55,53,50,53,55,https://www.akc.org/dog-breeds/samoyed/,5,5,3,3,3,1,Double,Long,5,5,4,4,4,4,5,4
Schipperke,Non-Sporting Group,109,109,109,112,110,105,108,114,115,115,113,106,110,https://www.akc.org/dog-breeds/schipperke/,5,3,3,3,2,1,Double,Short,3,4,5,4,4,3,4,3
Scottish Deerhound,Hound Group,165,157,152,154,168,158,151,166,158,155,171,165,156,https://www.akc.org/dog-breeds/scottish-deerhound/,5,3,5,3,1,1,Wiry; Double,Medium,3,3,3,3,3,3,1,3
Scottish Terrier,Terrier Group,55,59,58,58,58,57,57,57,58,60,59,54,57,https://www.akc.org/dog-breeds/scottish-terrier/,5,3,2,2,3,2,Wiry; Double,Medium,3,4,5,4,3,3,4,4
Sealyham Terrier,Terrier Group,158,169,158,155,150,164,156,148,139,164,169,168,163,https://www.akc.org/dog-breeds/sealyham-terrier/,5,3,3,3,3,1,Wiry; Double,Medium,4,3,5,4,4,3,4,4
Shetland Sheepdog,Herding Group,21,21,23,24,24,25,25,27,28,27,26,29,29,https://www.akc.org/dog-breeds/shetland-sheepdog/,5,5,5,3,3,1,Double,Long,2,5,5,5,5,4,5,4
Shiba Inu,Non-Sporting Group,46,47,45,44,45,44,45,43,42,43,46,42,44,https://www.akc.org/dog-breeds/shiba-inu/,5,3,3,3,2,1,Double,Short,3,3,5,3,2,3,3,4
Shih Tzu,Toy Group,15,17,19,20,20,20,20,20,22,20,20,20,21,https://www.akc.org/dog-breeds/shih-tzu/,5,5,5,1,4,1,Double,Long,3,3,3,5,4,3,3,3
Siberian Husky,Working Group,14,13,12,12,12,14,15,16,19,21,24,26,30,https://www.akc.org/dog-breeds/siberian-husky/,5,5,5,4,2,1,Double,Medium,5,5,1,4,3,5,5,4
Silky Terrier,Toy Group,92,101,102,100,106,112,111,108,116,122,114,111,116,https://www.akc.org/dog-breeds/silky-terrier/,5,3,3,2,3,1,Silky,Long,4,4,5,4,4,3,4,3
Skye Terrier,Terrier Group,161,177,175,178,172,178,189,183,181,189,185,179,181,https://www.akc.org/dog-breeds/skye-terrier/,5,3,3,3,3,1,Double,Long,3,3,3,3,3,3,3,3
Sloughi,Hound Group,NA,NA,NA,185,188,192,193,189,193,197,200,197,201,https://www.akc.org/dog-breeds/sloughi/,4,3,3,3,1,1,Smooth,Short,2,3,2,3,3,4,2,3
Smooth Fox Terrier,Terrier Group,116,124,122,124,122,123,124,124,131,141,133,139,144,https://www.akc.org/dog-breeds/smooth-fox-terrier/,5,3,3,3,2,1,Smooth,Short,3,4,5,4,3,4,5,3
Soft Coated Wheaten Terrier,Terrier Group,51,49,47,50,49,53,54,58,66,66,69,75,76,https://www.akc.org/dog-breeds/soft-coated-wheaten-terrier/,5,5,3,1,4,2,Wavy; Silky,Medium,3,3,3,3,3,4,3,3
Spanish Water Dog,Herding Group,NA,113,167,162,148,153,146,149,145,163,144,147,167,https://www.akc.org/dog-breeds/spanish-water-dog/,5,4,3,1,4,2,Corded; Curly,Medium,3,4,3,3,4,4,3,5
Spinone Italiano,Sporting Group,117,118,112,105,111,109,118,110,108,112,119,120,113,https://www.akc.org/dog-breeds/spinone-italiano/,5,3,4,3,2,3,Wiry,Medium,3,3,3,3,4,3,2,3
Staffordshire Bull Terrier,Terrier Group,79,79,79,82,82,80,83,81,75,75,72,63,61,https://www.akc.org/dog-breeds/staffordshire-bull-terrier/,5,5,3,3,2,2,Smooth,Short,4,4,3,5,5,5,3,4
Standard Schnauzer,Working Group,90,90,91,85,90,89,99,92,96,94,96,91,93,https://www.akc.org/dog-breeds/standard-schnauzer/,5,5,3,1,3,3,Wiry; Double,Medium,3,4,5,4,5,3,3,5
Sussex Spaniel,Sporting Group,162,175,173,172,161,180,178,172,177,192,174,175,175,https://www.akc.org/dog-breeds/sussex-spaniel/,5,3,3,3,3,3,Double,Medium,3,4,3,2,3,3,4,3
Swedish Vallhund,Herding Group,147,158,155,163,149,169,161,147,160,160,138,153,152,https://www.akc.org/dog-breeds/swedish-vallhund/,5,5,3,4,2,2,Double,Short,3,4,3,4,4,4,3,4
Tibetan Mastiff,Working Group,132,135,133,135,153,131,130,140,147,137,143,148,142,https://www.akc.org/dog-breeds/tibetan-mastiff/,4,3,3,4,3,3,Double,Medium,1,3,5,3,3,3,3,4
Tibetan Spaniel,Non-Sporting Group,106,122,115,118,121,119,119,118,125,127,121,126,122,https://www.akc.org/dog-breeds/tibetan-spaniel/,5,5,3,3,2,2,Double,Medium,4,4,4,4,3,3,3,3
Tibetan Terrier,Non-Sporting Group,88,88,90,91,101,96,103,99,112,106,108,117,118,https://www.akc.org/dog-breeds/tibetan-terrier/,5,3,3,3,3,2,Double,Long,3,3,4,4,3,4,3,4
Toy Fox Terrier,Toy Group,107,115,110,116,112,111,109,113,110,108,110,108,106,https://www.akc.org/dog-breeds/toy-fox-terrier/,5,3,3,3,2,1,Smooth,Short,5,4,5,4,5,4,4,4
Treeing Walker Coonhound,Hound Group,101,112,117,137,131,137,131,153,151,159,155,152,143,https://www.akc.org/dog-breeds/treeing-walker-coonhound/,5,5,5,3,1,3,Smooth,Short,3,4,3,4,5,5,4,5
Vizsla,Sporting Group,34,34,32,31,30,31,34,35,32,33,35,35,36,https://www.akc.org/dog-breeds/vizsla/,5,5,4,3,2,2,Smooth,Short,4,5,3,5,5,5,3,5
Weimaraner,Sporting Group,33,35,34,34,34,36,39,39,40,44,48,55,54,https://www.akc.org/dog-breeds/weimaraner/,5,5,3,3,2,2,Smooth,Short,3,5,5,4,5,5,3,5
Welsh Springer Spaniel,Sporting Group,124,133,128,123,133,128,132,128,126,126,132,138,141,https://www.akc.org/dog-breeds/welsh-springer-spaniel/,5,5,4,3,2,2,Double,Medium,1,3,3,4,5,4,3,4
Welsh Terrier,Terrier Group,104,106,108,111,109,107,112,112,109,113,116,123,114,https://www.akc.org/dog-breeds/welsh-terrier/,5,5,3,2,3,2,Wiry; Double,Medium,5,4,4,4,4,4,4,4
West Highland White Terrier,Terrier Group,36,38,41,41,42,42,44,44,46,45,43,41,45,https://www.akc.org/dog-breeds/west-highland-white-terrier/,5,5,3,3,3,1,Double,Medium,4,5,5,4,3,4,5,4
Whippet,Hound Group,59,56,57,60,61,61,58,59,57,54,51,50,48,https://www.akc.org/dog-breeds/whippet/,5,5,5,2,1,1,Smooth,Short,3,4,3,3,3,4,1,4
Wire Fox Terrier,Terrier Group,96,95,94,101,99,101,101,104,99,102,104,113,107,https://www.akc.org/dog-breeds/wire-fox-terrier/,5,5,3,2,3,2,Wiry; Double,Medium,5,4,4,4,4,4,4,4
Wirehaired Pointing Griffon,Sporting Group,80,76,66,66,65,65,63,63,60,57,57,51,51,https://www.akc.org/dog-breeds/wirehaired-pointing-griffon/,5,5,3,3,2,3,Wiry; Double,Medium,5,4,3,4,5,5,3,5
Wirehaired Vizsla,Sporting Group,NA,107,156,157,155,167,147,155,144,142,142,159,130,https://www.akc.org/dog-breeds/wirehaired-vizsla/,5,5,3,3,1,2,Wiry,Short,5,5,3,4,5,5,3,5
Xoloitzcuintli,Non-Sporting Group,139,142,135,139,143,140,139,131,119,116,122,119,123,https://www.akc.org/dog-breeds/xoloitzcuintli/,5,3,3,1,1,1,Hairless; Smooth,Short,3,4,3,4,4,4,3,4
Yorkshire Terrier,Toy Group,6,6,7,9,9,10,12,13,13,13,13,11,13,https://www.akc.org/dog-breeds/yorkshire-terrier/,5,5,3,1,5,1,Silky,Long,5,4,5,5,4,4,4,4
